<?xml version="1.0"?>
<Schema name="fpdwo">
<!--
  == This software is subject to the terms of the Eclipse Public License v1.0
  == Agreement, available at the following URL:
  == http://www.eclipse.org/legal/epl-v10.html.
  == You must accept the terms of that agreement to use this software.
  ==
  == Copyright (C) 2000-2005 Julian Hyde
  == Copyright (C) 2005-2011 Pentaho and others
  == All Rights Reserved.
  -->

<!-- Shared dimensions -->

  

<!-- Sales -->
<Cube name="Jual" defaultMeasure="OrderQty">
  <!-- Use annotations to provide translations of this cube's caption and
       description into German and French. Use of annotations in this manner is
       experimental and unsupported; just for testing right now. -->
  
  <Table name="factsales"/>

  <Dimension name="Time" foreignKey="TimeID">
    <Hierarchy hasAll="true" allMemberName="All Times" primaryKey="TimeID">
      <Table name="dimtime" />
      <Level name="Year" column="Year" type="Numeric" uniqueMembers="true"
          levelType="TimeYears"/>
	  <Level name="Quarter" column="Quarter" uniqueMembers="false" type="Numeric"
          levelType="TimeQuarters"/>
      <Level name="Month" column="Month" uniqueMembers="false" type="Numeric"
          levelType="TimeMonths"/>
      <Level name="Date" column="DateOfDay" uniqueMembers="false" type="Numeric"
          levelType="TimeDays"/>
    </Hierarchy>
   
  </Dimension>

  <Dimension name="Product" foreignKey = "ProductID">
    <Hierarchy hasAll="true" allMemberName="All Product" primaryKey ="ProductID">
      <Table name="dimproduct" />
      <Level name="Product Category" column="ProductCategory"/>
	  <Level name="Product Sub Category" column="ProductSubCategory"/>
	  <Level name="Product Name" column="ProductName"/>
    </Hierarchy>
  </Dimension>
  
  <Dimension name="Customer" foreignKey="CustomerID">
    
    <Hierarchy  hasAll  ="true" allMemberName="All Customer" primaryKey  = "CustomerID">
        <Table name="dimcustomer"/>
        <Level name="Cust Account Number" column="AccountNumber"/>
    </Hierarchy>
  </Dimension>
  
  <Dimension name="Location" foreignKey="LocationID">
    
    <Hierarchy  hasAll  ="true" allMemberName="All Location" primaryKey  = "LocationID">
        <Table name="dimlocation"/>
        <Level name="Territory Group" column="Group"/>
        <Level name="Territory Name" column="TerritoryName"/>
        <Level name="State Province Name" column="StateProvinceName"/>
        <Level name="Address" column="AddressLine"/>
    </Hierarchy>
  </Dimension>
  
  <Dimension name="Ship Method" foreignKey="ShipMethodID">
    
    <Hierarchy  hasAll  ="true" allMemberName="All Ship Method" primaryKey  = "ShipMethodID">
        <Table name="dimshipmethod"/>
		<Level name="Ship Rate" column="ShipRate"/>
		<Level name="Ship Base" column="ShipBase"/>
        <Level name="Ship Name" column="ShipName"/>		
    </Hierarchy>
  </Dimension>
  
  

  <Measure name="Order Qty" column="OrderQty" aggregator="sum"
      formatString="Standard"/>
  <Measure name="Line Total" column="LineTotal" aggregator="sum"
      formatString="Standard"/>
  
 
  
</Cube>



</Schema>
