<?xml version="1.0"?>
<Schema name="fpdwo">
<!--
  == This software is subject to the terms of the Eclipse Public License v1.0
  == Agreement, available at the following URL:
  == http://www.eclipse.org/legal/epl-v10.html.
  == You must accept the terms of that agreement to use this software.
  ==
  == Copyright (C) 2000-2005 Julian Hyde
  == Copyright (C) 2005-2011 Pentaho and others
  == All Rights Reserved.
  -->

<!-- Shared dimensions -->

  

<!-- Sales -->
<Cube name="Beli" defaultMeasure="OrderQty">
  <!-- Use annotations to provide translations of this cube's caption and
       description into German and French. Use of annotations in this manner is
       experimental and unsupported; just for testing right now. -->
  
  <Table name="factpurchasing"/>

  <Dimension name="Time" foreignKey="TimeID">
    <Hierarchy hasAll="true" allMemberName="All Times" primaryKey="TimeID">
      <Table name="dimtime" />
      <Level name="Year" column="Year" type="Numeric" uniqueMembers="true"
          levelType="TimeYears"/>
	  <Level name="Quarter" column="Quarter" uniqueMembers="false" type="Numeric"
          levelType="TimeQuarters"/>
      <Level name="Month" column="Month" uniqueMembers="false" type="Numeric"
          levelType="TimeMonths"/>
      <Level name="Date" column="DateOfDay" uniqueMembers="false" type="Numeric"
          levelType="TimeDays"/>
    </Hierarchy>
   
  </Dimension>

  <Dimension name="Product" foreignKey = "ProductID">
    <Hierarchy hasAll="true" allMemberName="All Product" primaryKey ="ProductID">
      <Table name="dimproduct" />
      <Level name="Product Category" column="ProductCategory"/>
	  <Level name="Product Sub Category" column="ProductSubCategory"/>
	  <Level name="Product Name" column="ProductName"/>
    </Hierarchy>
  </Dimension>
  
  <Dimension name="Employee" foreignKey="EmployeeID">
    
    <Hierarchy  hasAll  ="true" allMemberName="All Employee" primaryKey  = "EmployeeID">
        <Table name="dimemployee"/>
		<Level name="Gender" column="Gender"/>
        <Level name="Name" column="Name"/>
	</Hierarchy>
  </Dimension>
  
  <Dimension name="Vendor" foreignKey="VendorID">
    
    <Hierarchy  hasAll  ="true" allMemberName="All Vendor" primaryKey  = "VendorID">
        <Table name="dimvendor"/>
		<Level name="Credit Rating" column="CreditRating"/>
		<Level name="Vendor Account Number" column="VendorAccNumber"/>
        <Level name="Vendor Name" column="VendorName"/>
    </Hierarchy>
  </Dimension>
  
  <Dimension name="Ship Method" foreignKey="ShipMethodID">
    
    <Hierarchy  hasAll  ="true" allMemberName="All Ship Method" primaryKey  = "ShipMethodID">
        <Table name="dimshipmethod"/>
		<Level name="Ship Rate" column="ShipRate"/>
		<Level name="Ship Base" column="ShipBase"/>
        <Level name="Ship Name" column="ShipName"/>		
    </Hierarchy>
  </Dimension>
  

  <Measure name="Order Qty" column="OrderQty" aggregator="sum"
      formatString="Standard"/>
  <Measure name="Line Total" column="LineTotal" aggregator="sum"
      formatString="Standard"/>
  
 
  
</Cube>



</Schema>
