<?xml version="1.0"?>
<Schema name="dw_sales">
<!--
  == This software is subject to the terms of the Eclipse Public License v1.0
  == Agreement, available at the following URL:
  == http://www.eclipse.org/legal/epl-v10.html.
  == You must accept the terms of that agreement to use this software.
  ==
  == Copyright (C) 2000-2005 Julian Hyde
  == Copyright (C) 2005-2011 Pentaho and others
  == All Rights Reserved.
  -->

<!-- Shared dimensions -->

<!-- Sales -->
<Cube name="Sales" defaultMeasure="Sub Total">
  <!-- Use annotations to provide translations of this cube's caption and
       description into German and French. Use of annotations in this manner is
       experimental and unsupported; just for testing right now. -->
      
  <Table name="fakta_pendapatan"/>

    
  <Dimension name="Customer" foreignKey ="CustomerID">
      <Hierarchy hasAll="true" allMemberName="All Customer" primaryKey ="CustomerID">
        <Table name="customer"/>
      	<Level name="Customer" column="CustomerID" uniqueMembers="true"/>
        <Level name="Account Number" column="AccountNumber"/>
      </Hierarchy>
  </Dimension>

  <Dimension name="Sales" foreignKey = "SalesID">
    <Hierarchy hasAll="true" allMemberName="All Sales" primaryKey ="SalesID">
      <Table name="sales" />
      <Level name="Sales" column="SalesID" uniqueMembers="true"/>
      <Level name="Date" column="Date"/>
      <Level name="Order Qty" column="Orderqty"/>
    </Hierarchy>
  </Dimension>

  <Dimension name="Shipmethod" foreignKey = "ShipmethodID">
    <Hierarchy hasAll="true" allMemberName="All Shipping" primaryKey ="ShipmethodID">
      <Table name="shipmethod" />
      <Level name="Shipping Method" column="ShipmethodID" uniqueMembers="true"/>
      <Level name="Name" column="Name"/>
      <Level name="Shiprate" column="Shiprate"/>
    </Hierarchy>
  </Dimension>

  <Dimension name="Time" foreignKey="TimeID">
    <Hierarchy hasAll="true" allMemberName="All Times" primaryKey="TimeID">
      <Table name="time" />
      <Level name="Year" column="tahun" type="Numeric" uniqueMembers="true"
          levelType="TimeYears"/>
      <Level name="Month" column="bulan" uniqueMembers="false" type="Numeric"
          levelType="TimeMonths"/>
      <Level name="Date" column="tanggal" uniqueMembers="false" type="Numeric"
          levelType="TimeDays"/>
    </Hierarchy>
   
  </Dimension>

  <!-- <Measure name="Unit Price" column="unitprice" aggregator="sum"
      formatString="Standard"/> -->

  <Measure name="Sub Total" column="subtotal" aggregator="sum"
      formatString="Standard"/>

  <!-- <Measure name="Quantity" column="qty" aggregator="sum"
      formatString="Standard"/> -->

  
</Cube>

</Schema>